IFN,AP EC50 (nM),AP IC50 (nM),AV EC50 (pM),AV IC50 (pM),R1xR2 (relative to WT)
IFNa2 WT,1,1,0.1,0.2,1
IFNa2(L30A),10000,850,90,133,742
IFNa2(R149A),1000,450,20,25,96
IFNa2(A145G),100,213,3,5,32
IFNa2(L26A),7,6,0.2,0.3,4.5
"IFNa2(YNS,L153A)",0.9,1,0.6,0.6,0.14
"IFNa2(YNS,M148A)",1,1.4,0.2,0.2,1
IFNa2(YNS),0.001,1.60E-03,0.02,0.02,0.02
IFNw,0.4,0.6,0.04,0.04,19.8
IFNw(P28A),760,733,9.1,11,15.84
IFNw(P28L),3.8,7.3,0.2,0.2,110.88
IFNw(L32A),5.3,10,0.11,0.12,1405.8
IFNw(M148A),0.9,1.4,0.09,0.1,51.48
IFNw(K152A),0.6,0.8,0.07,0.067,178.2
IFNw(K152R),0.04,0.04,0.044,0.04,3.96
